{"cells":[{"name":{"_data_":"1_DC_transistor","_wellknowntype_":"string"},"views":[]},{"name":{"_data_":"2_Pola_estabilidad","_wellknowntype_":"string"},"views":[]},{"name":{"_data_":"3_Adapta_NFmin","_wellknowntype_":"string"},"views":[]},{"name":{"_data_":"3_Adapta_NFmin_BFP460","_wellknowntype_":"string"},"views":[]},{"name":{"_data_":"4_Adapdares_LC","_wellknowntype_":"string"},"views":[{"name":{"_data_":"BFU550","_wellknowntype_":"string"},"references":{"cells":[],"externalFiles":[{"_data_":"C:\\Users\\AlejandroAlmela\\Documents\\EAIII_2024\\LNA\\BFU550_Spar_NF\\BFU550_03V3_015mA_NF_SP.s2p","_wellknowntype_":"string"}],"libraries":[],"libraryFiles":[],"pcbVias":[],"views":[{"_data_":"BFU5XX_family_design_kit_v2:bfu5xx_v2_lib_BFU550W_schematic:symbol","_wellknowntype_":"string"},{"_data_":"Infineon_RF:Infineon_Include_RF:symbol","_wellknowntype_":"string"},{"_data_":"ads_datacmps:S2P:symbol","_wellknowntype_":"string"},{"_data_":"ads_datacmps:VAR:symbol","_wellknowntype_":"string"},{"_data_":"ads_rflib:C:symbol","_wellknowntype_":"string"},{"_data_":"ads_rflib:GROUND:symbol","_wellknowntype_":"string"},{"_data_":"ads_rflib:I_Probe:symbol","_wellknowntype_":"string"},{"_data_":"ads_rflib:L:symbol","_wellknowntype_":"string"},{"_data_":"ads_rflib:R:symbol","_wellknowntype_":"string"},{"_data_":"ads_simulation:DC:symbol","_wellknowntype_":"string"},{"_data_":"ads_simulation:GlCircle:symbol","_wellknowntype_":"string"},{"_data_":"ads_simulation:GpCircle:symbol","_wellknowntype_":"string"},{"_data_":"ads_simulation:GsCircle:symbol","_wellknowntype_":"string"},{"_data_":"ads_simulation:L_StabCircle:symbol","_wellknowntype_":"string"},{"_data_":"ads_simulation:L_StabRegion:symbol","_wellknowntype_":"string"},{"_data_":"ads_simulation:MaxGain:symbol","_wellknowntype_":"string"},{"_data_":"ads_simulation:Mu:symbol","_wellknowntype_":"string"},{"_data_":"ads_simulation:MuPrime:symbol","_wellknowntype_":"string"},{"_data_":"ads_simulation:NsCircle:symbol","_wellknowntype_":"string"},{"_data_":"ads_simulation:Options:symbol","_wellknowntype_":"string"},{"_data_":"ads_simulation:S_Param:symbol","_wellknowntype_":"string"},{"_data_":"ads_simulation:S_StabCircle:symbol","_wellknowntype_":"string"},{"_data_":"ads_simulation:S_StabRegion:symbol","_wellknowntype_":"string"},{"_data_":"ads_simulation:Term:symbol","_wellknowntype_":"string"},{"_data_":"ads_simulation:Zin:symbol","_wellknowntype_":"string"},{"_data_":"ads_simulation:Zopt:symbol","_wellknowntype_":"string"},{"_data_":"ads_sources:V_DC:symbol","_wellknowntype_":"string"},{"_data_":"ads_tlines:MLIN:symbol","_wellknowntype_":"string"},{"_data_":"ads_tlines:MSUB:symbol","_wellknowntype_":"string"},{"_data_":"muRataLibWeb_C:muRataLibWeb_C_Include:symbol","_wellknowntype_":"string"}]},"timestamp":[{"file":{"_data_":".","_wellknowntype_":"string"},"time":{"_data_":1713415279648,"_wellknowntype_":"int64"}},{"file":{"_data_":"master.tag","_wellknowntype_":"string"},"time":{"_data_":1713414930692,"_wellknowntype_":"int64"}},{"file":{"_data_":"sch.oa","_wellknowntype_":"string"},"time":{"_data_":1713414930702,"_wellknowntype_":"int64"}}]}]},{"name":{"_data_":"BFP460_adaptado","_wellknowntype_":"string"},"views":[{"name":{"_data_":"schematic","_wellknowntype_":"string"},"references":{"cells":[],"externalFiles":[{"_data_":"C:\\Users\\AlejandroAlmela\\svn\\EAIII_Radar\\LNA\\simulaciones\\modelos\\BFU550A_Spar_NF\\BFU550A_03V3_015mA_NF_SP.s2p","_wellknowntype_":"string"}],"libraries":[],"libraryFiles":[],"pcbVias":[],"views":[{"_data_":"BFU5XX_family_design_kit_v2:bfu5xx_v2_lib_BFU550A_schematic:symbol","_wellknowntype_":"string"},{"_data_":"Infineon_RF:Infineon_Include_RF:symbol","_wellknowntype_":"string"},{"_data_":"ads_datacmps:S2P:symbol","_wellknowntype_":"string"},{"_data_":"ads_datacmps:VAR:symbol","_wellknowntype_":"string"},{"_data_":"ads_rflib:C:symbol","_wellknowntype_":"string"},{"_data_":"ads_rflib:GROUND:symbol","_wellknowntype_":"string"},{"_data_":"ads_rflib:I_Probe:symbol","_wellknowntype_":"string"},{"_data_":"ads_rflib:L:symbol","_wellknowntype_":"string"},{"_data_":"ads_rflib:R:symbol","_wellknowntype_":"string"},{"_data_":"ads_simulation:DC:symbol","_wellknowntype_":"string"},{"_data_":"ads_simulation:GlCircle:symbol","_wellknowntype_":"string"},{"_data_":"ads_simulation:GpCircle:symbol","_wellknowntype_":"string"},{"_data_":"ads_simulation:GsCircle:symbol","_wellknowntype_":"string"},{"_data_":"ads_simulation:L_StabCircle:symbol","_wellknowntype_":"string"},{"_data_":"ads_simulation:L_StabRegion:symbol","_wellknowntype_":"string"},{"_data_":"ads_simulation:MaxGain:symbol","_wellknowntype_":"string"},{"_data_":"ads_simulation:Mu:symbol","_wellknowntype_":"string"},{"_data_":"ads_simulation:MuPrime:symbol","_wellknowntype_":"string"},{"_data_":"ads_simulation:NsCircle:symbol","_wellknowntype_":"string"},{"_data_":"ads_simulation:Options:symbol","_wellknowntype_":"string"},{"_data_":"ads_simulation:S_Param:symbol","_wellknowntype_":"string"},{"_data_":"ads_simulation:S_StabCircle:symbol","_wellknowntype_":"string"},{"_data_":"ads_simulation:S_StabRegion:symbol","_wellknowntype_":"string"},{"_data_":"ads_simulation:Term:symbol","_wellknowntype_":"string"},{"_data_":"ads_simulation:Zin:symbol","_wellknowntype_":"string"},{"_data_":"ads_simulation:Zopt:symbol","_wellknowntype_":"string"},{"_data_":"ads_sources:V_DC:symbol","_wellknowntype_":"string"},{"_data_":"ads_tlines:MLIN:symbol","_wellknowntype_":"string"},{"_data_":"ads_tlines:MSUB:symbol","_wellknowntype_":"string"},{"_data_":"muRataLibWeb_C:muRataLibWeb_C_Include:symbol","_wellknowntype_":"string"}]},"timestamp":[{"file":{"_data_":".","_wellknowntype_":"string"},"time":{"_data_":1716870914413,"_wellknowntype_":"int64"}},{"file":{"_data_":"master.tag","_wellknowntype_":"string"},"time":{"_data_":1713414990197,"_wellknowntype_":"int64"}},{"file":{"_data_":"sch.oa","_wellknowntype_":"string"},"time":{"_data_":1714756165590,"_wellknowntype_":"int64"}}]}]},{"name":{"_data_":"Sparam_vs_Spice","_wellknowntype_":"string"},"views":[{"name":{"_data_":"schematic","_wellknowntype_":"string"},"references":{"cells":[],"externalFiles":[{"_data_":"C:\\Users\\AlejandroAlmela\\svn\\EAIII_Radar\\LNA\\simulaciones\\modelos\\BFU550_Spar_NF\\BFU550_03V3_015mA_NF_SP.s2p","_wellknowntype_":"string"}],"libraries":[],"libraryFiles":[],"pcbVias":[],"views":[{"_data_":"BFU5XX_family_design_kit_v2:bfu5xx_v2_lib_BFU550W_schematic:symbol","_wellknowntype_":"string"},{"_data_":"ads_datacmps:S2P:symbol","_wellknowntype_":"string"},{"_data_":"ads_datacmps:VAR:symbol","_wellknowntype_":"string"},{"_data_":"ads_rflib:DC_Block:symbol","_wellknowntype_":"string"},{"_data_":"ads_rflib:DC_Feed:symbol","_wellknowntype_":"string"},{"_data_":"ads_rflib:GROUND:symbol","_wellknowntype_":"string"},{"_data_":"ads_rflib:I_Probe:symbol","_wellknowntype_":"string"},{"_data_":"ads_rflib:L:symbol","_wellknowntype_":"string"},{"_data_":"ads_simulation:DC:symbol","_wellknowntype_":"string"},{"_data_":"ads_simulation:S_Param:symbol","_wellknowntype_":"string"},{"_data_":"ads_simulation:Term:symbol","_wellknowntype_":"string"},{"_data_":"ads_sources:V_DC:symbol","_wellknowntype_":"string"}]},"timestamp":[{"file":{"_data_":".","_wellknowntype_":"string"},"time":{"_data_":1713415316019,"_wellknowntype_":"int64"}},{"file":{"_data_":"master.tag","_wellknowntype_":"string"},"time":{"_data_":1712897209901,"_wellknowntype_":"int64"}},{"file":{"_data_":"sch.oa","_wellknowntype_":"string"},"time":{"_data_":1712941661810,"_wellknowntype_":"int64"}}]}]},{"name":{"_data_":"prueba","_wellknowntype_":"string"},"views":[{"name":{"_data_":"schematic","_wellknowntype_":"string"},"references":{"cells":[],"externalFiles":[{"_data_":"C:\\Users\\AlejandroAlmela\\Documents\\EAIII_2024\\LNA\\BFU550_Spar_NF\\BFU550_03V3_015mA_NF_SP.s2p","_wellknowntype_":"string"}],"libraries":[],"libraryFiles":[],"pcbVias":[],"views":[{"_data_":"BFU5XX_family_design_kit_v2:bfu5xx_v2_lib_BFU550W_schematic:symbol","_wellknowntype_":"string"},{"_data_":"ads_datacmps:S2P:symbol","_wellknowntype_":"string"},{"_data_":"ads_datacmps:VAR:symbol","_wellknowntype_":"string"},{"_data_":"ads_rflib:DC_Block:symbol","_wellknowntype_":"string"},{"_data_":"ads_rflib:DC_Feed:symbol","_wellknowntype_":"string"},{"_data_":"ads_rflib:GROUND:symbol","_wellknowntype_":"string"},{"_data_":"ads_rflib:I_Probe:symbol","_wellknowntype_":"string"},{"_data_":"ads_rflib:R:symbol","_wellknowntype_":"string"},{"_data_":"ads_simulation:DC:symbol","_wellknowntype_":"string"},{"_data_":"ads_simulation:Mu:symbol","_wellknowntype_":"string"},{"_data_":"ads_simulation:MuPrime:symbol","_wellknowntype_":"string"},{"_data_":"ads_simulation:NsCircle:symbol","_wellknowntype_":"string"},{"_data_":"ads_simulation:S_Param:symbol","_wellknowntype_":"string"},{"_data_":"ads_simulation:Term:symbol","_wellknowntype_":"string"},{"_data_":"ads_sources:V_DC:symbol","_wellknowntype_":"string"}]},"timestamp":[{"file":{"_data_":".","_wellknowntype_":"string"},"time":{"_data_":1712934270809,"_wellknowntype_":"int64"}},{"file":{"_data_":"master.tag","_wellknowntype_":"string"},"time":{"_data_":1712883273764,"_wellknowntype_":"int64"}},{"file":{"_data_":"sch.oa","_wellknowntype_":"string"},"time":{"_data_":1712892062591,"_wellknowntype_":"int64"}}]}]}],"name":{"_data_":"MyLibrary_lib","_wellknowntype_":"string"},"version":{"_data_":1.0,"_wellknowntype_":"double"}}